insert into rules(rule) values ('create');
insert into rules(rule) values ('read');
insert into rules(rule) values ('update');
insert into rules(rule) values ('delete');
select * from rules;
insert into role(role) values ('admin');
insert into role(role) values ('root');
insert into role(role) values ('client');
select * from role;
insert into rolerules(char_role, char_rule) values ('admin', 'create');
insert into rolerules(char_role, char_rule) values ('admin', 'read');
insert into rolerules(char_role, char_rule) values ('admin', 'update');
insert into rolerules(char_role, char_rule) values ('client', 'read');
insert into rolerules(char_role, char_rule) values ('root', 'create');
insert into rolerules(char_role, char_rule) values ('root', 'read');
insert into rolerules(char_role, char_rule) values ('root', 'update');
insert into rolerules(char_role, char_rule) values ('root', 'delete');
select * from rolerules;
insert into users(name, surname, role_name) values ('Murat', 'Baibolatov', 'admin');
insert into users(name, surname, role_name) values ('Egor', 'Egorov', 'client');
insert into users(name, surname, role_name) values ('Pavel', 'Pavlov', 'client');
insert into users(name, surname, role_name) values ('Ivan', 'Ivanov', 'client');
insert into users(name, surname, role_name) values ('Denis', 'Denisov', 'root');
select * from users;
insert into category(name) values ('Business');
insert into category(name) values ('Sport');
insert into category(name) values ('Food');
select * from category;
insert into state(state) values ('Active');
insert into state(state) values ('Done');
insert into state(state) values ('Queued');
select * from state;
insert into items(description, user_id, category_name, state_name)
VALUES ('Have a breakfast', 1, 'Food', 'Queued');
insert into items(description, user_id, category_name, state_name)
VALUES ('Run 6 kilometers', 1, 'Sport', 'Done');
insert into items(description, user_id, category_name, state_name)
VALUES ('Call the boss', 1, 'Business', 'Active');
select * from items;
select * from items;
insert into comments(comment, item_id) VALUES ('scrambled eggs with bacon', 1);
insert into comments(comment, item_id) VALUES ('at the stadium, 5 o''clock', 2);
insert into comments(comment, item_id) VALUES ('89111112122', 3);
select * from comments;
insert into attaches(attach, item_id) VALUES ('http:\\localhost\food\eda.png', 1);
insert into attaches(attach, item_id) VALUES ('http:\\localhost\sport\krossovki.png', 2);
insert into attaches(attach, item_id) VALUES ('http:\\localhost\business\boss.png', 3);
select * from attaches;
